NOM_SITE,Annee,Temperature,Salinite,Oxygene,pH,NH4,NO3,NO2,PO4,SiO4,COP,MES,CHLA,DN15,DC13,CN
Antioche,2011,17.85,35,5.145,8.06,1.512,2.125,0.205,0.26,4.73,160.4,2.836,1.45,6.285,-22.135,5.305
Antioche,2012,14.971,33.8,5.69,8,1.077,10.1,0.24,0.16,7.67,203.07,3.23,1.5,5.47,-21.91,6.05
Antioche,2013,13.522,33.47,5.74,8.02,1.707,14.67,0.38,0.21,9.08,253.13,4.067,1.14,4.36,-22.79,6.755
Antioche,2014,15.557,33.899,5.5,8.09,0.3995,7.7,0.33,0.12,8.27,306.44,3.324,1.5,5.09,-23.07,6.27
Antioche,2015,15.313,34.103,5.79,8.06,0.654,6.48,0.26,0.2,6.72,264.55,3.48,1.79,5.41,-22.32,5.72
Antioche,2016,14.866,33.667,5.65,8.04,0.6545,14.59,0.245,0.15,6.25,371.41,2.342,1.94,4.75,-22.965,6.8915
Astan,2000,12.95,35.0535,5.95,NA,0.25,6.05,0.285,0.36,3.72,NA,NA,0.405,NA,NA,NA
Astan,2001,13.2,35.248,5.98,8.105,0.12,6.1,0.31,0.27,3.34,158,3.1,0.53,NA,NA,NA
Astan,2002,12.95,35.2635,5.92,8.145,0.19,5.25,0.205,0.24,2.85,104.105,3.55,0.71,NA,NA,NA
Astan,2003,13.02,35.068,5.95,8.12,0.145,5.2,0.26,0.24,3.7,134.598,3.55,0.79,NA,NA,NA
Astan,2004,13.25,35.226,5.85,8.04,0.22,5.3,0.23,0.19,3.2,118.5,3.5,0.76,NA,NA,NA
Astan,2005,12.6,35.324,6.07,8.07,0.16,3.6,0.16,0.3,2.9,113.2,2.9,0.62,NA,NA,NA
Astan,2006,13.7,35.3395,5.99,8.05,0.23,3.8,0.21,0.22,2.8,110.1,2.9,0.72,NA,NA,NA
Astan,2007,13.135,35.338,5.945,8.065,0.19,5.3,0.145,0.29,3,102.6,2.45,0.71,NA,NA,NA
Astan,2008,13.15,35.222,6.025,8.03,0.15,6.1,0.26,0.41,2.9,139.3,3,0.83,NA,NA,NA
Astan,2009,12.8,35.234,6.15,8.04,0.23,6.3,0.2,0.36,3.2,144,3.1,0.83,7.14,-22.75,6.23
Astan,2010,12.525,35.199,6.08,8.04,0.375,6.25,0.205,0.295,2.8,87.803,1.75,0.565,6.7895,-22.506,6.3915
Astan,2011,13.75,35.298,5.975,8.015,0.285,5.68,0.2,0.27,3.04,115,1.8,0.605,6.85,-22.64,6.405
Astan,2012,12.55,35.35,6.005,8.04,0.27,3.35,0.19,0.32,2.2,109.94,1.2,0.67,7.315,-23.495,6.195
Astan,2013,12.335,35.248,6.075,7.95,0.285,6.38,0.2,0.26,2.55,80.5,0.6,0.66,7.14,-23.22,5.94
Astan,2014,13.675,35.149,6.05,7.945,0.195,5.7,0.245,0.365,2.85,105.9,1.4,0.605,5.89,-23.095,7.1
Astan,2015,13.425,35.2715,6.07,7.97,0.21,4.75,0.17,0.325,2.57,94.425,0.9,0.66,7.08,-22.95,5.22
Astan,2016,12.95,35.191,6.03,7.93,0.19,5.01,0.185,0.35,2.5,99.145,1.1,0.635,7.54,-22.945,5.8
Bizeux,2011,11.248,35.211,NA,7.72,4.793,NA,NA,NA,NA,NA,18.3,0.59,NA,NA,NA
Bizeux,2012,12.132,35.092,5.94,7.98,0.177,0.345,0.075,0.225,3.865,160.0865,1.4,0.7,6.394,-22.896,6.311
Bizeux,2013,11.6355,34.758,6.07,8.04,0.497,2.59,0.11,0.18,3.18,199.142,2.3375,1,6.676,-22.677,6.325
Bizeux,2014,9.828,34.233,5.64,8.05,0.363,4.335,0.185,0.29,3.19,207.2665,1.92,1.72,6.984,-22.734,6.349
Bizeux,2015,8.964,34.515,6.315,8.07,0.1825,1.575,0.095,0.125,2.315,231.9465,2.52,1.3,6.9955,-22.997,6.3615
Bizeux,2016,NA,NA,6.025,8.06,0.241,0.79,0.07,0.19,2.62,208.863,1.73,1.48,6.777,-22.271,6.644
Bouee 13,2005,15.6,34.6,NA,8.11,0.15,0.69,0.1,0.25,3.3,335,2.55,0.86,NA,NA,NA
Bouee 13,2006,15.68,34.61,5.825,8.205,0.335,1.48,0.19,0.18,2.59,295,2.7,1.015,NA,NA,NA
Bouee 13,2007,16.37,34.25,5.8,8.255,0.265,1.8,0.11,0.08,2.1,395,3.7,2.04,NA,NA,NA
Bouee 13,2008,14.27,34.71,5.92,8.255,0.47,0.65,0.08,0.07,2.2,320,2.5,1.315,6.15,-21.82,6.8
Bouee 13,2009,13.8,34.6,5.885,8.215,0.45,1.6,0.11,0.2,3.25,310,3.3,0.99,5.06,-22.2,7.07
Bouee 13,2010,12.55,34.635,5.93,8.21,0.355,0.6,0.01,0.09,2.8,300,2.8,1.89,5.06,-22.02,7.52
Bouee 13,2011,16.418,35.076,5.65,8.175,0.355,0.91,0.14,0.21,2.55,312.5,2.3,2.03,5.4655,-21.22,6.95
Bouee 13,2012,14.821,34.798,5.98,8.05,0.47,1.3,0.14,0.24,3,348,3.96,1.66,5.46,-21.66,7.48
Bouee 13,2013,13.773,33.741,6.16,8.09,0.37,2.6,0.08,0.07,4.7,363,3.26,1.62,5.915,-22.125,6.86
Bouee 13,2014,16.188,34.446,5.655,8.12,0.1,1.435,0.06,0.07,2.7,331.28,2.665,1.48,5.66,-22.26,7.21
Bouee 13,2015,15.659,34.461,5.915,8.045,0.171,3.3,0.16,0.115,4.175,450,3.255,1.78,5.615,-22.77,7.24
Bouee 13,2016,14.27,34.5455,5.94,8.02,0.217,NA,NA,NA,3.495,NA,4.3125,2,6.35,-22.275,7.355
Cézembre,2014,10.1155,34.6315,6.28,8.06,0.183,0.4,0.05,0.18,1.91,201.712,1.28,2.1,7.533,-22.226,6.129
Cézembre,2015,8.136,34.456,6.32,8.075,0.117,0.93,0.07,0.15,2.2,224.998,3.52,1.77,7.259,-23.247,6.4
Cézembre,2016,NA,NA,6.05,8.07,0.215,0.9,0.06,0.15,2.26,187.783,1.74,1.46,6.868,-22.395,6.573
Comprian,2005,17.13,33.2,NA,8.03,1.17,2.13,0.155,0.28,10.9,250,2.315,0.99,NA,NA,NA
Comprian,2006,16.02,32.66,5.49,8.07,3.88,4.1,0.3,0.16,12.63,325,3.75,1.415,NA,NA,NA
Comprian,2007,14.905,31.695,5.54,8.135,2.54,3.2,0.26,0.1,12.8,375,3.9,1.65,NA,NA,NA
Comprian,2008,13.945,31.06,5.58,8.14,3.5,11.7,0.425,0.17,15.05,335,3.25,1.335,4.32,-21.16,7.18
Comprian,2009,12.9,30.15,5.885,8.095,2.65,10.3,0.315,0.185,15.15,295,3,1.14,4.47,-21.36,6.97
Comprian,2010,13.672,31.138,5.64,8.12,1.995,6.5,0.18,0.11,13.1,280,2.8,1.44,4.34,-21.15,7.68
Comprian,2011,17.7975,33.9385,5.205,8.05,2.565,2.4,0.285,0.36,11.85,272.5,2.4,1.19,4.505,-21.075,6.9685
Comprian,2012,15.708,32.477,5.89,7.94,3.35,7.1,0.41,0.33,12.5,357.5,3.99,1.76,4.22,-21.24,7.67
Comprian,2013,14.85,28.9775,6.1,8.02,2.89,14.4,0.44,0.15,19.99,301,3.315,1.85,4.89,-22.1,7.03
Comprian,2014,15.719,31.919,5.375,8.03,1.949,4.6,0.205,0.085,13.06,337.42,2.6925,1.455,5.77,-21.57,6.99
Comprian,2015,15.1885,32.3425,5.55,7.955,1.6705,8.35,0.24,0.085,10.965,349,3.5375,1.505,5.265,-22.005,7.325
Comprian,2016,13.906,31.126,5.82,7.96,1.574,NA,NA,NA,12.84,NA,4.8,1.7,5.4,-21.72,7.33
Estacade,1997,12.9,NA,NA,NA,NA,NA,NA,NA,NA,NA,NA,NA,NA,NA,NA
Estacade,1998,12.95,NA,NA,NA,999996,NA,NA,NA,NA,NA,NA,NA,NA,NA,NA
Estacade,1999,13.9,NA,NA,NA,NA,NA,NA,NA,NA,NA,NA,NA,NA,NA,NA
Estacade,2000,12.175,35.046,6.19,NA,0.32,6.51,0.305,0.285,4.155,NA,NA,0.375,NA,NA,NA
Estacade,2001,12.8,35.165,6.27,8.145,0.255,6.2,0.21,0.23,2.9,202.1,3.3,0.48,NA,NA,NA
Estacade,2002,13,35.209,6.34,8.225,0.25,4.75,0.205,0.195,2.75,191.91,4.3,0.79,NA,NA,NA
Estacade,2003,12.6,34.982,6.3,8.14,0.325,4.6,0.22,0.2,3.6,161.9515,4.1,0.97,NA,NA,NA
Estacade,2004,13.25,35.186,6.24,8.07,0.3,3.5,0.18,0.14,3.1,182.7,3.6,0.66,NA,NA,NA
Estacade,2005,12.83,35.298,6.39,8.1,0.26,1.8,0.12,0.18,2.2,168,3.1,0.79,NA,NA,NA
Estacade,2006,14.1,35.187,6.45,8.06,0.34,4.7,0.215,0.22,3.05,170.4,3.05,0.76,NA,NA,NA
Estacade,2007,13.82,35.282,6.26,8.105,0.28,4,0.1,0.25,2.7,196,2.95,0.82,NA,NA,NA
Estacade,2008,13.1,35.169,6.235,8.05,0.34,5.9,0.2,0.39,3,217.4,3.5,0.88,NA,NA,NA
Estacade,2009,12.3,35.202,6.39,8.07,0.31,4.9,0.16,0.29,3.2,164.9,2.9,0.92,7.15,-22.09,6.56
Estacade,2010,12.54,35.132,6.415,8.08,0.27,4.9,0.175,0.265,2.75,145.581,1.65,0.615,6.807,-21.9325,6.8965
Estacade,2011,13.8,35.3,6.355,8.035,0.26,3.97,0.18,0.225,2.98,177.685,2.7,0.71,7.01,-21.905,6.765
Estacade,2012,12.65,35.3095,6.31,8.09,0.24,3.4,0.16,0.28,2.2,157.6,1.3,0.63,6.78,-22.6,6.66
Estacade,2013,12.05,35.207,6.27,7.98,0.23,6.135,0.17,0.22,2.76,101.55,0.65,0.725,7.24,-22.59,6.4
Estacade,2014,13.775,35.091,6.285,7.945,0.265,5,0.2,0.35,3.1,129.95,1.9,0.75,6.39,-21.935,7.105
Estacade,2015,13.525,35.262,6.42,7.95,0.21,3.855,0.155,0.3,2.245,124.55,1.1,0.73,7.13,-22.9,5.66
Estacade,2016,12.65,35.1475,6.31,7.945,0.26,3.985,0.19,0.325,2.235,152.9,1.2,0.63,7.445,-22.69,6.525
Eyrac,1997,13.2,33.4,5.98,8.15,NA,0.85,0.06,0.21,1.45,290,9.11,2.48,NA,NA,NA
Eyrac,1998,14.55,32.8,6.05,8.14,1.58,4.64,0.205,0.21,5.8,330,8.82,2.11,NA,NA,NA
Eyrac,1999,15.1,32.91,6.5,8.16,1.29,5.505,0.205,0.25,7.5,320,6.08,1.615,NA,NA,NA
Eyrac,2000,14.15,32.8,5.93,8.14,1.34,7.765,0.26,0.19,10.415,315,7.56,1.14,NA,NA,NA
Eyrac,2001,13.85,32.4,5.845,8.2,0.355,0.39,0.13,0.12,3.86,310,7.2,1.55,NA,NA,NA
Eyrac,2002,14.7,33.7,5.5,8.18,0.57,0.86,0.18,0.115,3.71,260,3.09,1.45,NA,NA,NA
Eyrac,2003,14.706,33.1265,5.81,8.23,0.515,0.945,0.155,0.385,6.7,560,4.385,1.705,NA,NA,NA
Eyrac,2004,16.4,32.7,5.77,8.185,0.62,0.95,0.05,0.11,4.8,440,4.88,1.84,NA,NA,NA
Eyrac,2005,17.46,33.85,NA,8.04,NA,0.5,0.13,0.26,7.8,265,2.55,0.9,NA,NA,NA
Eyrac,2006,15.35,33.57,5.545,8.115,2.595,2.63,0.21,0.17,7.83,280,2.65,1.47,NA,NA,NA
Eyrac,2007,16.87,32.53,5.685,8.175,1.81,2.6,0.205,0.055,7.2,400,3.55,2.005,NA,NA,NA
Eyrac,2008,13.755,32.885,5.875,8.18,2.04,5.75,0.27,0.1,7.7,315,2.9,1.595,5.395,-21.37,7.055
Eyrac,2009,13.3,32.04,5.715,8.14,1.87,5.75,0.24,0.165,8.85,285,2.6,1.23,5.045,-21.645,7.035
Eyrac,2010,13.623,32.981,5.87,8.14,1.045,2.9,0.11,0.07,7,320,3.22,2.21,4.44,-20.98,7.41
Eyrac,2011,17.469,34.508,5.36,8.09,1.77,2.145,0.235,0.24,7.65,252.5,2.25,1.665,4.96,-20.948,6.75
Eyrac,2012,15.488,33.387,5.94,7.99,2.041,4.37,0.31,0.33,8.7,299,3.5,1.78,4.4,-20.97,7.43
Eyrac,2013,14.752,31.032,6.09,8.04,2.125,8.2,0.24,0.11,12.2,303,3.245,1.77,5.73,-21.91,6.88
Eyrac,2014,15.327,32.929,5.435,8.06,1.21,2.89,0.14,0.045,6.68,290.865,2.7825,1.42,5.82,-21.54,7.24
Eyrac,2015,15.229,33.594,5.785,7.99,0.982,6.65,0.2,0.11,7.725,341,3.29,1.645,5.815,-22.185,7.255
Eyrac,2016,13.877,32.674,5.825,7.99,0.869,NA,NA,NA,7.32,NA,3.585,1.62,5.485,-21.875,7.14
Frioul,1997,16.05,37.85,6.14,NA,0.225,0.64,0.19,1.6,2.27,211,NA,0.07,NA,NA,NA
Frioul,1998,14.72,37.812,5.83,NA,0.715,0.95,0.09,0.02,1.32,279,2.13,0.28,NA,NA,NA
Frioul,1999,14.96,37.88,5.6,NA,1.29,0.885,0.225,0.04,2.245,155.5,1.2,0.14,NA,NA,NA
Frioul,2000,16.35,38.111,5.745,NA,0.91,0.425,0.26,0.065,1.68,196,1.51,0.16,NA,NA,NA
Frioul,2001,16.19,38.097,5.64,NA,0.96,0.715,0.2,0.065,1.415,167,2.74,0.09,NA,NA,NA
Frioul,2002,16.275,37.898,5.59,NA,0.98,0.775,0.13,0.07,0.99,107.5,1.19,0.115,NA,NA,NA
Frioul,2003,15.495,38.045,5.59,NA,0.64,0.91,0.08,0.11,2.41,99,1.23,0.08,NA,NA,NA
Frioul,2004,16.63,38.195,6.01,NA,0.505,1.095,0.125,0.145,1.39,163.475,0.86,0.25,NA,NA,NA
Frioul,2005,17.62,38.3,6.08,NA,0.34,0.25,0.09,0.12,1.725,205,0.61,0.35,NA,NA,NA
Frioul,2006,17.266,38.291,6.26,NA,0.27,0,0.06,0.075,1.36,137.8,0.945,0.415,NA,NA,NA
Frioul,2007,16.802,38.113,5.65,NA,0.22,0.1,0,0.01,1.05,130,0.3,0.32,NA,NA,NA
Frioul,2008,17.1195,38.159,5.425,NA,0.205,0.31,0.035,0.05,1.44,58.1,0.6485,0.3,NA,NA,NA
Frioul,2009,16.41,37.988,5.31,NA,0.21,0.43,0.07,0.02,1.55,54.535,0.42,0.28,NA,NA,NA
Frioul,2010,17.108,38.002,5.32,NA,0.09,0.38,0.08,0.02,1.55,50.73,0.225,0.48,1.65,-22.78,5.31
Frioul,2011,16.7135,37.9895,5.59,8.22,0.125,0.115,0.015,0.02,1.345,61.56,0.2,0.235,2.615,-22.025,6.39
Frioul,2012,15.724,38.186,5.56,8.19,0.077,0.11,0,0.04,1.74,57.97,0.254,0.27,2.8,-21.6,6.79
Frioul,2013,15.187,38.117,5.6,8.2,0.086,0.51,0.05,0.06,2.29,51.1,0.2,0.44,3.58,-23.05,5.75
Frioul,2014,17.066,37.966,5.54,8.19,0.051,0.27,0.01,0.07,2.5,37.7,0.167,0.24,2.82,-23.23,6.44
Frioul,2015,15.776,38.056,5.57,8.2,0.08,0.43,0.03,0.05,1.92,35.805,0.18,0.28,1.96,-22.82,6.13
Frioul,2016,15.7425,38.174,5.58,8.17,0.069,0.43,0.035,0.03,1.98,44.77,0.1775,0.42,2.44,-22.89,6.33
Le Buron,2013,NA,NA,5.53,8.025,0.1825,0.2,0.03,0.125,3,158.598,0.87,0.805,6.78,-22.991,6.347
Le Buron,2014,9.843,34.581,6.33,8.03,0.2325,10.79,0.21,0.31,2.67,268.313,4.38,2.05,6.118,-22.016,6.5915
Luc-sur-Mer,2007,13.015,32.928,5.82,8.175,NA,10.91,0.325,0.46,9.75,NA,16.4,NA,NA,NA,NA
Luc-sur-Mer,2008,14.5785,32.9035,6.32,8.12,2.505,19.56,0.47,0.69,10.6,381.485,7,1.58,6.955,-22.181,7.696
Luc-sur-Mer,2009,12.3285,32.7035,6.025,8.14,NA,17.33,0.42,0.46,8.605,657.6535,8,2.82,6.46,-21.1,6.751
Luc-sur-Mer,2010,10.9195,32.776,6.52,8.215,2.531,26.51,0.43,0.415,16.18,432.928,5.4335,2.065,7.125,-21.5865,7.322
Luc-sur-Mer,2011,13.579,32.7035,5.73,8.2,1.853,17.875,0.38,0.52,11.41,329.854,3.0985,1.75,7.867,-21.855,6.799
Luc-sur-Mer,2012,11.893,32.591,6.21,8.14,0.775,23.605,0.51,0.75,8.215,443.133,7.1,2.165,8.725,-21.779,6.7575
Luc-sur-Mer,2013,11.44,31.9715,6.295,8.09,0.9385,29.885,0.58,0.535,18.965,412.8745,7.9665,1.67,6.9455,-22.154,7.1455
Luc-sur-Mer,2014,13.3345,32.677,6.105,8.1,0.708,14.36,0.395,0.32,9.885,344.373,8.4335,2.25,10.615,-21.5665,6.6605
Luc-sur-Mer,2015,12.347,32.442,6.06,8.05,0.98,18.19,0.38,0.59,9.89,211.711,3.75,1.27,11.672,-22.557,6.9625
Luc-sur-Mer,2016,14.037,32.389,6.41,8.08,0.59,19.685,0.45,0.2,8.37,363.221,3.4,2.88,NA,NA,NA
pk 30,1997,18.25,4.225,4.71,8.05,1.03,129.155,0.27,2.425,93.3,3525,294.075,4.745,NA,NA,NA
pk 30,1998,19.1,2,5.115,7.9,1.18,125.1,0.05,1.71,NA,3840,297.45,3.29,NA,NA,NA
pk 30,1999,16.2,1.08,5.22,7.91,4.12,128.1,0.83,1.52,47.3,6800,357.7,1.2,NA,NA,NA
pk 30,2000,16.375,0.825,4.94,7.99,1.275,124.035,0.17,1.47,105.95,4730,299.415,0.16,NA,NA,NA
pk 30,2001,16.04,0.77,4.75,7.95,1.89,114.33,0.06,1.04,45.37,1975,134.725,1.62,NA,NA,4.14
pk 30,2002,16.25,2.515,5.345,7.96,0.24,119.85,0.09,1.82,101.59,5540,369,1.44,NA,NA,11.655
pk 30,2003,17.075,3.065,4.855,7.88,0.57,130.36,0.16,2.15,122.255,4430,221.1,1.365,NA,NA,NA
pk 30,2004,19.25,2.43,5.1,7.93,0.335,130.25,0.06,3.42,113.935,3616,230,1.915,NA,NA,NA
pk 30,2005,17.625,4.055,5.34,7.905,0.595,120.45,0.135,3.65,82.75,3425,247.5,0.855,NA,NA,NA
pk 30,2006,19.205,3.855,5.52,7.94,0.52,147.4,0.09,2.05,131.14,4650,375,0.96,NA,NA,NA
pk 30,2007,18.1,1.54,6,8.03,0.3,122.9,0.09,2.41,133.2,4000,335,0.86,5.23,-25.25,8.27
pk 30,2008,14.705,1.015,6.14,7.895,0.775,94,0.235,2.44,133.8,2625,201,0.93,5.23,-25.48,8.01
pk 30,2009,19.4,3.22,5,8.01,0.44,124,0.12,2.45,121.6,3860,250,1.2,5.16,-25.34,8.705
pk 30,2010,15.495,0.965,5.655,7.985,0.41,127.5,0.115,1.805,130.8,4590,415,1.12,5.875,-25.175,8.45
pk 30,2011,19.79,5.905,5.11,7.975,0.365,141.05,0.21,2.86,119.9,5375,374,2.485,5.228,-25.124,8.17
pk 30,2012,17.235,4.67,5.425,7.95,0.6,119.9,0.12,1.41,130.1,3626,247,2.005,4.91,-25.04,8.66
pk 30,2013,16.535,0.265,6.07,7.75,0.5,128.5,0.38,1.17,140.42,3870,285.7065,1.875,5.0195,-25.545,8.395
pk 30,2014,17.36,2.06,5.48,7.895,1.1,154.03,0.09,1.625,123.4,4740,200.4165,2.01,4.9325,-25.3745,7.865
pk 30,2015,17.37,3.53,5.645,7.85,0.64,133.7,0.22,1.56,129,3687,271.76,2.47,4.28,-25.28,8.02
pk 30,2016,18.03,0.89,5.47,7.865,NA,NA,NA,NA,141.03,NA,245.467,1.67,3.765,-25.335,7.32
pK 52,1997,20.55,7.775,6.05,8.035,1.465,125.27,0.09,2.86,100.4,3445,242.45,6.68,NA,NA,NA
pK 52,1998,21.25,5.95,5.36,7.9,1.05,113.5,0.11,1.78,NA,3530,261.3,6.38,NA,NA,NA
pK 52,1999,18.75,3.35,5.33,7.97,7.54,130.6,0.21,1.52,25.7,3350,228,3.68,NA,NA,NA
pK 52,2000,18.71,4.92,5.235,8.015,1.11,107.765,0.18,1.765,98.265,5285,321.525,2.76,NA,NA,NA
pK 52,2001,19,4.32,5.15,7.96,3.97,125.835,0.1,1.595,54.01,3570,194.1,2.65,NA,NA,NA
pK 52,2002,16.715,7.06,5.61,7.98,0.11,114.91,0.05,1.435,90.99,3645,265.6,1.87,NA,NA,11.26
pK 52,2003,17.385,9.245,5.275,7.865,0.585,95.105,0.2,1.99,94.845,3730,304.75,1.615,NA,NA,NA
pK 52,2004,19.805,6.63,5.355,7.97,0.44,131.62,0.14,2.09,96.165,3263.5,207.5,1.72,NA,NA,NA
pK 52,2005,19.18,9.11,5.55,7.935,0.64,89.2,0.12,3.475,75.5,3825,250,1.43,NA,NA,NA
pK 52,2006,19.56,9.58,5.615,7.995,0.41,114,0.13,2.05,104.72,4125,317.5,0.985,NA,NA,NA
pK 52,2007,20.285,5.075,5.91,8.04,0.485,119.3,0.105,2.21,124.45,3960,305,1.295,5.64,-25.15,8.6
pK 52,2008,16.005,5.36,5.98,8.02,0.325,96.3,0.14,2.72,105.85,3500,266,1.16,4.825,-25.335,8.055
pK 52,2009,21.16,8.91,5.14,8.09,0.32,109.1,0.12,3.25,103.3,2810,151,1.49,4.98,-25.19,8.465
pK 52,2010,18.77,4.51,5.91,8.1,0.315,113.9,0.1,2.2,111.9,3220,229,2.76,5.69,-25.12,8.86
pK 52,2011,20.995,11.15,5.5,8.015,0.29,119.65,0.205,2.71,101.35,4100,257,2.775,5.4,-25.01,8.53
pK 52,2012,18.13,8.77,5.8,8.025,0.5,108.73,0.1,1.68,96.7,2791,319,2.905,4.58,-25.07,8.73
pK 52,2013,17.185,2.18,6.265,7.86,0.3,133.1,0.225,1.49,118.52,3313,278.572,1.88,5.305,-25.327,8.71
pK 52,2014,20.06,6.13,5.58,7.93,0.78,122.07,0.11,1.95,110.6,3513,205,3.73,5.78,-25.296,8.22
pK 52,2015,18.385,8.045,5.855,7.965,0.54,126.8,0.22,1.65,109.15,3017,190.417,3.69,5.07,-25.26,8.06
pK 52,2016,20.24,4.66,5.32,7.945,NA,NA,NA,NA,118.99,NA,240.7,2.565,5.36,-25.33,7.84
pK 67,1997,19.05,15.95,5.72,8.14,1.62,52.55,0.425,1.365,27.4,690,125,4.165,NA,NA,NA
pK 67,1998,17.9,22.55,5.245,8.04,1.51,30.4,0.29,0.5,NA,940,95,3.32,NA,NA,NA
pK 67,1999,17.65,20.875,5.52,8.015,3.285,103.3,0.41,0.82,45.3,855,68.455,0.42,NA,NA,NA
pK 67,2000,16,21.12,5.07,8.055,1.51,52.19,0.17,1.01,59.4,930,91,1.2,NA,NA,NA
pK 67,2001,17.7,18.31,4.775,7.995,1.635,25.32,0.32,0.56,22.565,860,53.9,2.1,NA,NA,NA
pK 67,2002,15.93,21.45,5.56,8.07,0.355,29.49,0.56,0.66,22.93,1060,100.89,1.99,NA,NA,16.63
pK 67,2003,16.33,23.95,NA,8.07,0.525,23.985,0.33,0.745,28.58,1540,97.93,1.91,NA,NA,NA
pK 67,2004,17,20.61,5.405,8.05,0.23,27.56,0.29,1.43,19.98,1493,79.2,2.04,NA,NA,NA
pK 67,2005,17.52,23.01,5.645,8.05,0.845,28.9,0.37,1.72,19.4,760,43.45,1.26,NA,NA,NA
pK 67,2006,17.96,24.15,5.62,8.11,1.41,40.92,0.46,0.97,30.98,695,65.8,1.135,NA,NA,NA
pK 67,2007,16.69,20.755,5.595,8.17,0.905,44.71,0.475,0.955,36.95,617.5,57,0.885,5.395,-24.655,8.605
pK 67,2008,17.27,19.835,5.635,8.185,1.595,42.6,0.355,1.145,41.5,570,46.85,1.25,5.245,-25.14,7.75
pK 67,2009,18.14,22.05,5.32,8.17,0.88,39.4,0.31,1.21,28,660,50.6,0.9,5.35,-24.78,8.14
pK 67,2010,15.57,22.04,5.72,8.15,1.24,40.6,0.16,0.72,35,560,53.1,2.02,5.37,-24.84,8.4
pK 67,2011,18.785,25.69,5.34,8.05,0.925,26.4,0.445,1.105,22.6,630,52.3,2.085,5.31,-24.24,7.76
pK 67,2012,17.77,22.98,6.28,8.13,1.29,37.19,0.24,0.76,29,782,71.95,1.88,4.94,-24.51,8.45
pK 67,2013,16.285,20.32,5.765,7.845,0.6,51.35,0.37,0.635,49.75,1008,64.634,2.14,5.28,-24.595,8.4995
pK 67,2014,18.235,20.36,5.42,7.98,0.25,37.6,0.24,0.85,30.565,755.28,59.425,1.99,5.47,-24.265,7.7875
pK 67,2015,17.08,21.085,5.4,8.01,0.98,52.2,0.16,0.92,35.65,619,57.045,2,5.24,-24.36,8.01
pK 67,2016,18.58,21.32,5.2,8.05,NA,NA,NA,NA,41.905,NA,30.875,2.19,6.11,-24.5,7.385
Point B,1997,17.367,37.839,79.79,NA,NA,0.14,0.01,0,1.19,NA,NA,0.26,NA,NA,NA
Point B,1998,18.12,37.9105,85.11,NA,NA,0.215,0.03,0.02,0.81,NA,NA,0.32,NA,NA,NA
Point B,1999,18.316,38.096,96.36,NA,NA,0.04,0.05,0.01,0.9,NA,NA,0.265,NA,NA,NA
Point B,2000,17.534,38.086,115.605,NA,NA,0.29,0.055,0.01,0.765,159.038,NA,0.28,NA,NA,NA
Point B,2001,17.619,38.023,112.09,NA,NA,0.215,0.09,0.02,0.9,137.673,NA,0.205,NA,NA,NA
Point B,2002,18.32,37.788,5.29,NA,NA,0.56,0.01,0.02,0.78,114.81,NA,0.24,NA,NA,NA
Point B,2003,16.946,38.017,5.36,NA,NA,0.43,0.02,0.02,0.785,91.9,NA,0.22,NA,NA,NA
Point B,2004,16.826,38.0855,5.33,NA,NA,0.305,0.04,0.02,0.975,68.63,NA,0.205,NA,NA,NA
Point B,2005,18.4785,38.2335,5.31,NA,0.1,0.37,0.02,0,1.26,83.57,1.47,0.27,NA,NA,NA
Point B,2006,18.766,38.207,5.525,8.2,NA,0.455,0.02,0.07,1.76,78.05,2.9075,0.29,NA,NA,NA
Point B,2007,19.174,38.055,5.165,8.04,NA,0.21,0.035,0.03,1.445,59.7,20.13,0.26,NA,NA,NA
Point B,2008,17.9925,38.04,5.51,8.11,NA,0.32,0.1,0.09,1.3,94.7,6.23,0.27,NA,NA,NA
Point B,2009,17.8645,37.9215,4.625,8.11,NA,0.335,0.045,0.05,1.62,121.425,7.19,0.22,NA,NA,NA
Point B,2010,16.8525,37.837,5.23,NA,0,0.21,0.07,0.05,2.21,112.3,6.48,0.22,2.36,-23.255,6.37
Point B,2011,18.5005,37.9875,5.42,8,0.043,0.26,0.02,0.04,1.36,94.58,20.26,0.19,2.92,-23.17,7.47
Point B,2012,17.467,38.1245,5.545,8,0.046,0.14,0.05,0.04,1.64,98.255,5.145,0.22,2.24,-23.82,6.21
Point B,2013,17.087,38.013,5.65,8.095,0.048,0.425,0.1,0.06,0.995,148.12,8.01,0.29,3.05,-23.825,6.985
Point B,2014,18.6045,37.774,5.405,8.09,0.026,0.24,0.02,0.04,0.78,127.29,8.44,0.22,5.92,-23.685,6.535
Point B,2015,18.49,38.007,5.38,8.1,0.054,0.37,0.04,0.05,1.07,80.66,2.915,0.22,3.24,-23.65,6.3
Point B,2016,17.486,38.094,5.455,NA,0.043,0.65,0.12,0.07,1.22,89.09,8.25,0.23,2.14,-24.49,6.105
Point C,1997,NA,NA,6.07,8.09,0.785,6.1,0.27,0.53,0.875,390.5,16.83,1.39,NA,NA,NA
Point C,1998,10.8,34.25,6.34,8.12,0.63,1.92,0.29,0.41,1.75,589,17.62,2.29,NA,NA,NA
Point C,1999,14.095,34.1,6.21,8.04,1.9,4.06,0.24,0.33,4.54,526,12.095,4.155,NA,NA,NA
Point C,2000,13.7,33.63,6.69,8.12,0.29,0.75,0.09,0.33,0.64,484,8.04,5.19,NA,NA,NA
Point C,2001,13.35,33.17,6.47,8.08,1.35,6.56,0.3,0.41,5.565,674,11.63,4.965,NA,NA,NA
Point C,2002,12.63,33.49,6.055,8.1,1.155,4.15,0.22,0.53,5.735,452,11.65,4.69,NA,NA,NA
Point C,2003,10.68,33.99,6.23,8.24,0.62,2.76,0.17,0.21,3.375,598,15.695,3.295,NA,NA,NA
Point C,2004,11.75,34.12,6.11,8.165,0.35,1.59,0.08,0.115,1.68,549.5,19.22,4.085,NA,NA,NA
Point C,2005,12.275,34.25,6.48,8.16,1.23,5.975,0.225,0.115,2.585,467,10.2,3.27,NA,NA,NA
Point C,2006,15.045,34.14,6.435,8.16,0.64,0.83,0.14,0.115,3.88,346,11.21,5.5,NA,NA,NA
Point C,2007,14.62,33.96,6.45,8.185,0.37,1.785,0.2,0.08,3.455,308,16.13,5.31,NA,NA,NA
Point C,2008,11.88,33.92,7.07,8.07,0.25,4.59,0.2,0.12,1.625,313,10.67,4.52,NA,NA,NA
Point C,2009,13.335,34.25,5.99,8.245,0.44,0.085,0.165,0.19,0.9,330.1815,5.04,3.97,7.21,-20.53,6.48
Point C,2010,9,34.46,6.48,8.15,0.175,0.96,0.03,0.05,0.94,224.675,4.3,2.94,7.89,-21.29,7.9
Point C,2011,12.11,34.39,5.94,8.22,0.15,1.56,0.08,0.17,0.87,234.8975,3.29,1.94,7.2,-21.41,6.72
Point C,2012,10.91,34.2,6.28,8.225,0.27,4.17,0.29,0.59,1.74,339.39,2.885,2.12,7.7375,-22.643,7.256
Point C,2013,11.8205,34.1275,6.445,8.285,0.365,2.34,0.18,0.205,0.4,336.93,2.7,3.365,7.7,-21.263,6.93
Point C,2014,12.105,34.195,5.965,8.19,0.31,4.765,0.175,0.23,2.22,241.37,3.435,2.92,6.56,-21.78,6.91
Point C,2015,14.3395,34.155,6.01,8.14,0.695,1.53,0.09,0.12,1.16,337.45,12.925,2.01,7.56,-22,7.021
Point C,2016,10.175,34.252,6.45,8.27,0.12,NA,NA,NA,NA,NA,6.04,2.285,NA,NA,NA
Point L,1997,NA,NA,5.87,8.15,0.285,7.535,1.195,0.565,1.095,221,13.19,0.745,NA,NA,NA
Point L,1998,10.74,34.94,6.34,8.11,0.59,1.885,0.36,0.34,1.09,269,8.25,1.89,NA,NA,NA
Point L,1999,14.94,34.735,6.3,8.04,1.04,3.04,0.13,0.16,4.32,318,10.57,2.31,NA,NA,NA
Point L,2000,14.95,34.29,6.63,8.1,0.455,0.32,0.06,0.17,1.2,378,6.7,2.54,NA,NA,NA
Point L,2001,11.9,33.68,6.19,8.205,0.58,2.36,0.13,0.28,2.72,384.5,8.01,3.73,NA,NA,NA
Point L,2002,14.47,34.43,6.04,8.15,0.23,4.11,0.14,0.31,4.07,288,8.53,3.7,NA,NA,NA
Point L,2003,11.96,34.59,6.41,8.24,0.15,1.93,0.06,0.22,1.38,388,10.22,1.93,NA,NA,NA
Point L,2004,12.74,34.75,6.29,8.14,0.23,0.7,0.08,0.1,2.24,321,22.4,2.66,NA,NA,NA
Point L,2005,12.72,34.81,6.8,8.15,0.57,3.51,0.13,0.2,2.81,290,8.835,2.46,NA,NA,NA
Point L,2006,14.53,34.76,6.37,8.14,0.19,0.68,0.11,0.14,1.37,218,9.775,1.67,NA,NA,NA
Point L,2007,13.9,34.669,6.33,8.2,0.755,2.43,0.22,0.24,4.25,128,12.17,1.49,NA,NA,NA
Point L,2008,9.52,34.71,6.895,8.02,0.19,3.55,0.19,0.09,1.26,167,9,2.99,NA,NA,NA
Point L,2009,12.6,34.715,5.9,8.21,0.31,0.04,0.09,0.2,1.07,237.733,2.61,2.33,6.29,-20.04,6.77
Point L,2010,8.2,34.92,6.56,8.17,0.16,1.69,0.19,0.26,0.79,181.65,2.8,1.45,8.125,-21.7,7.76
Point L,2011,11.33,34.8,6.4,8.17,0.17,2.31,0.1,0.28,0.81,156.955,1.45,0.95,7.655,-21.92,7.06
Point L,2012,12.72,34.9,6.4,8.21,0.15,1.03,0.22,0.52,1.11,220.9,1.27,1.21,8.434,-22.835,7.015
Point L,2013,11.2915,34.629,6.05,8.225,0.45,2.04,0.175,0.22,0.805,227.91,1.0775,2.245,6.738,-21.357,6.422
Point L,2014,12.77,34.79,6.06,8.155,0.1,1.58,0.14,0.17,1.8,151.65,1.1,1.43,6.2875,-21.075,7.205
Point L,2015,13.75,34.69,5.75,8.13,0.17,0.34,0.03,0.09,1.95,159,10.56,1.01,7.89,-22.172,7.55
Point L,2016,11.569,34.899,6.29,8.21,0.08,NA,NA,NA,NA,NA,6.12,0.96,NA,NA,NA
Portzic,1998,14.75,34.46,6.15,NA,0.98,3.8,0.155,0.025,4,195.15,NA,0.85,NA,NA,NA
Portzic,1999,13.8,34.59,6.02,NA,0.89,7.7,0.18,0.1,3.7,206.4,NA,0.99,NA,NA,NA
Portzic,2000,12.6,34.14,6.13,NA,1.14,10.5,0.24,0.21,4.9,182.3,NA,1,NA,NA,NA
Portzic,2001,13.7,34.86,6.1,NA,0.84,5.2,0.16,0.21,5.11,221.95,NA,1.27,NA,NA,NA
Portzic,2002,13.2,34.57,6.125,8.235,0.96,6.03,0.11,0.19,5.445,197.7,1.95,1.69,NA,NA,NA
Portzic,2003,13.2,34.8,5.72,8.205,0.66,3.26,0.22,0.12,4.55,170,2.59,0.86,NA,NA,NA
Portzic,2004,13.07,34.59,6.03,8.18,0.81,8.23,0.12,0.21,3.88,133.1,2.89,0.695,NA,NA,NA
Portzic,2005,13.59,34.885,6,8.17,0.36,2.04,0.16,0.24,3.14,130,2.07,0.51,NA,NA,NA
Portzic,2006,13.5,34.66,6.04,8.16,0.63,5.21,0.21,0.15,4.96,149.8,2.15,0.92,6.88,-21.085,6.58
Portzic,2007,13.811,34.774,6.06,8.22,0.74,3.865,0.22,0.26,3.005,178.5,2.21,0.81,6.79,-21.29,5.935
Portzic,2008,13.0975,34.5055,6.075,8.13,0.61,5.245,0.235,0.31,4.25,164.7,1.55,0.625,6.69,-21.45,6.5
Portzic,2009,13.4765,34.8235,6.075,8.035,0.595,2.865,0.14,0.2,4.78,170.25,1.515,0.9,6.08,-21.24,6.31
Portzic,2010,12.661,34.501,6.09,8.05,0.585,6.12,0.21,0.2,3.3,166.054,1.047,0.77,6.36,-21.88,6.28
Portzic,2011,14.3485,35.0815,5.95,8,0.595,3.475,0.2,0.23,4.385,134.162,0.9075,0.625,6.204,-21.64,6.43
Portzic,2012,12.749,34.832,6,8.07,0.57,3.6,0.21,0.2,3.84,139.88,1.2,0.61,6.171,-21.883,6.501
Portzic,2013,12.479,34.606,6.05,8.05,0.57,7.24,0.26,0.18,3.74,147.093,1.23,0.79,5.7,-21.7,6.7
Portzic,2014,13.7,34.1985,5.97,8,0.556,5.085,0.245,0.18,3.535,153.47,1.143,0.76,6.58,-21.42,6.57
Portzic,2015,13.629,34.8165,5.985,7.98,0.3675,2.17,0.185,0.22,3.67,141.4,1.37,0.78,6.525,-21.8165,6.8225
Portzic,2016,14.45,34.791,6.065,7.995,0.4465,1.955,0.15,0.16,2.56,154.843,1.023,0.805,6.304,-21.904,6.4205
Sete,2015,17.9245,37.0075,5.775,NA,NA,0.27,0.01,0.06,1.31,185.1,1.23,0.505,NA,NA,NA
Sola,1997,18.97,37.28,NA,NA,0.11,0.175,NA,NA,NA,NA,NA,0.37,NA,NA,NA
Sola,1998,16.43,37.87,5.67,NA,0.115,0.38,NA,NA,NA,NA,NA,0.2,NA,NA,NA
Sola,1999,16.143,37.586,5.88,NA,0.17,0.89,NA,0.03,0.73,NA,NA,0.35,NA,NA,NA
Sola,2000,17.209,37.772,6.03,NA,0.25,0.86,0.055,0.03,1.3,NA,NA,0.43,NA,NA,NA
Sola,2001,18.309,37.572,5.64,NA,0.21,0.08,0.05,0.03,1.43,NA,NA,0.27,NA,NA,NA
Sola,2002,17.511,37.672,5.41,8.14,0.19,0.38,0.06,0.01,1.75,NA,0.54,0.58,NA,NA,NA
Sola,2003,16.2285,37.6165,5.69,8.135,0.22,0.445,0.065,0.02,1.435,90.84,0.485,0.555,NA,NA,NA
Sola,2004,12.353,37.505,5.64,8.03,0.28,0.37,0.03,0.01,1.115,120.38,1.25,0.37,NA,NA,NA
Sola,2005,18.422,37.989,5.82,8.13,0.275,0.31,0.035,0.03,1.085,173.98,1.7,0.24,NA,NA,NA
Sola,2006,17.5195,37.9515,5.48,8.18,0.42,0.55,0.095,0.045,0.69,130.105,1.13,0.395,NA,NA,NA
Sola,2007,15.44,37.841,5.86,8.14,0.29,0.445,0.065,0.01,0.62,76.56,1.01,0.38,NA,NA,NA
Sola,2008,17.455,37.803,5.87,8.19,0.09,0.19,0.04,0.03,0.91,91.11,1.065,0.325,NA,NA,NA
Sola,2009,15.8655,37.7595,5.455,8.07,0.4,0.275,0.035,0.03,1.025,73.235,1.555,0.31,NA,NA,NA
Sola,2010,14.66,37.536,5.57,8.23,0.07,0.6,0.1,0.02,1.81,85.96,1.4,0.36,4.14,-22.95,6.27
Sola,2011,17.143,37.665,5.44,8.2,0.02,0.23,0.03,0.01,0.92,87.06,1.575,0.37,4.605,-22.32,6.985
Sola,2012,15.777,37.9885,5.415,8.37,0.04,0.37,0.06,0.03,1.41,80.39,1.43,0.32,4.345,-22.595,6.995
Sola,2013,14.955,37.756,5.655,8.17,0.048,0.355,0.025,0.04,1.08,93.1095,1.78,0.465,4.495,-23.05,6.472
Sola,2014,17.4905,37.731,5.2,8.13,0.058,0.17,0.02,0.01,0.89,129.76,1.072,0.535,4.05,-23.05,6.43
Sola,2015,15.979,37.872,5.565,8.13,0.068,0.29,0.035,0.02,1.23,100.048,1.0045,0.635,5.035,-23.39,6.855
